{"cameraMode":{"drawMode":0,"name":"Shaded","section":"Shading Mode"},"sceneLighting":false,"audioPlay":false,"sceneViewState":{"m_AlwaysRefresh":true,"showFog":true,"showSkybox":false,"showFlares":true,"showImageEffects":true,"showParticleSystems":true,"showVisualEffectGraphs":true,"m_FxEnabled":true},"in2DMode":false,"pivot":{"x":-3.584073066711426,"y":15.669305801391602,"z":51.841426849365237},"rotation":{"x":-0.00008301619527628645,"y":-0.9276543855667114,"z":0.3751676082611084,"w":-0.006463069003075361},"size":3.9519689083099367,"orthographic":false}